Q11,Q11_5_TEXT,Q12,Q1#1_1,Q1#1_2,Q1#1_3,Q1#1_4,Q1#2_1,Q1#2_2,Q1#2_3,Q1#2_4,Q1#3_1,Q1#3_2,Q1#3_3,Q1#3_4,Q3#1_1,Q3#1_2,Q3#1_3,Q3#1_4,Q3#1_5,Q3#1_6,Q3#2_1,Q3#2_2,Q3#2_3,Q3#2_4,Q3#2_5,Q3#2_6,Q3#3_1,Q3#3_2,Q3#3_3,Q3#3_4,Q3#3_5,Q3#3_6,Q4#1_1,Q4#1_2,Q4#1_3,Q4#1_4,Q4#1_5,Q4#1_6,Q4#1_6_TEXT,Q4#2_1,Q4#2_2,Q4#2_3,Q4#2_4,Q4#2_5,Q4#2_6,Q4#2_6_TEXT,Q4#3_1,Q4#3_2,Q4#3_3,Q4#3_4,Q4#3_5,Q4#3_6,Q4#3_6_TEXT,Q5#1_1,Q5#1_2,Q5#1_3,Q5#1_4,Q5#2_1,Q5#2_2,Q5#2_3,Q5#2_4,Q5#3_1,Q5#3_2,Q5#3_3,Q5#3_4,Q6#1_1,Q6#1_2,Q6#1_3,Q6#2_1,Q6#2_2,Q6#2_3,Q6#3_1,Q6#3_2,Q6#3_3,Q7#1_1,Q7#1_2,Q7#1_3,Q7#1_4,Q7#2_1,Q7#2_2,Q7#2_3,Q7#2_4,Q7#3_1,Q7#3_2,Q7#3_3,Q7#3_4,Q8#1_1,Q8#1_2,Q8#1_3,Q8#1_4,Q8#2_1,Q8#2_2,Q8#2_3,Q8#2_4,Q8#3_1,Q8#3_2,Q8#3_3,Q8#3_4,Q9#1_1,Q9#1_2,Q9#1_3,Q9#1_4,Q9#1_5,Q9#2_1,Q9#2_2,Q9#2_3,Q9#2_4,Q9#2_5,Q9#3_1,Q9#3_2,Q9#3_3,Q9#3_4,Q9#3_5,Q10#1_1,Q10#1_2,Q10#1_3,Q10#1_4,Q10#1_5,Q10#1_6,Q10#1_7,Q10#2_1,Q10#2_2,Q10#2_3,Q10#2_4,Q10#2_5,Q10#2_6,Q10#2_7,Q10#3_1,Q10#3_2,Q10#3_3,Q10#3_4,Q10#3_5,Q10#3_6,Q10#3_7,Q17,Q14
In which capacities do you write software?,In which capacities do you write software?,What programming languages do you use?,CI,CI,CI,CI,CI,CI,CI,CI,CI,CI,CI,CI,BUILD,build,build,build,build,build,build,build,build,build,build,build,build,build,build,build,build,build,QA,QA,QA,QA,QA,QA,QA,QA,QA,QA,QA,QA,QA,QA,QA,QA,QA,QA,QA,QA,QA,review,review,review,review,review,review,review,review,review,review,review,review,artifacts,artifacts,artifacts,artifacts,artifacts,artifacts,artifacts,artifacts,artifacts,SCM,SCM,SCM,SCM,SCM,SCM,SCM,SCM,SCM,SCM,SCM,SCM,SCM_web,SCM_web,SCM_web,SCM_web,SCM_web,SCM_web,SCM_web,SCM_web,SCM_web,SCM_web,SCM_web,SCM_web,IDE,IDE,IDE,IDE,IDE,IDE,IDE,IDE,IDE,IDE,IDE,IDE,IDE,IDE,IDE,issues_and_planning,issues_and_planning,issues_and_planning,issues_and_planning,,issues_and_planning,issues_and_planning,issues_and_planning,issues_and_planning,issues_and_planning,issues_and_planning,issues_and_planning,issues_and_planning,issues_and_planning,issues_and_planning,issues_and_planning,issues_and_planning,issues_and_planning,issues_and_planning,issues_and_planning,issues_and_planning,Debugging Tools,Have we missed anything? Additional comments
In which capacities do you write software? - Selected Choice,In which capacities do you write software? - Other (please specify) - Text,programming_languages_used,use_experience_Jenkins,use_experience_Travis,use_experience_CircleCI,use_experience_Bamboo,currently_use_Jenkins,currently_use_Travis,currently_use_CircleCI,currently_use_Bamboo,like_to_use_Jenkins,like_to_use_Travis,like_to_use_CircleCI,like_to_use_Bamboo,use_experience_Make,use_experience_Maven,use_experience_Bazel,use_experience_CMake,use_experience_SCons,use_experience_TeamCity,currently_use_Make,currently_use_Maven,currently_use_Bazel,currently_use_CMake,currently_use_SCons,currently_use_TeamCity,like_to_use_Make,like_to_use_Maven,like_to_use_Bazel,like_to_use_CMake,like_to_use_SCons,like_to_use_TeamCity,use_experience_Coverity,use_experience_Sonarqube,use_experience_FindBugs,use_experience_PMD,use_experience_landscape.io,use_experience_Other:,use_experience_Other,currently_use_Coverity,currently_use_Sonarqube,currently_use_FindBugs,currently_use_PMD,currently_use_landscape.io,currently_use_Other:,currently_use_Other,like_to_use_Coverity,like_to_use_Sonarqube,like_to_use_FindBugs,like_to_use_PMD,like_to_use_landscape.io,like_to_use_Other:,like_to_use_Other,use_experience_Gerritt,use_experience_GitHub,use_experience_Crucible/Stash,use_experience_Phabricator,currently_use_Gerritt,currently_use_GitHub,currently_use_Crucible/Stash,currently_use_Phabricator,like_to_use_Gerritt,like_to_use_GitHub,like_to_use_Crucible/Stash,like_to_use_Phabricator,use_experience_Artifactory,use_experience_Nexus,use_experience_Platform_or_Language,currently_use_Artifactory,currently_use_Nexus,currently_use_Platform_or_Language,like_to_use_Artifactory,like_to_use_Nexus,like_to_use_Platform_or_Language,use_experience_Git,use_experience_Perforce,use_experience_Mercurial,use_experience_Subversion,currently_use_Git,currently_use_Perforce,currently_use_Mercurial,currently_use_Subversion,like_to_use_Git,like_to_use_Perforce,like_to_use_Mercurial,like_to_use_Subversion,use_experience_GitHub,use_experience_GitLab,use_experience_BitBucket,use_experience_Fisheye,currently_use_GitHub,currently_use_GitLab,currently_use_BitBucket,currently_use_Fisheye,like_to_use_GitHub,like_to_use_GitLab,like_to_use_BitBucket,like_to_use_Fisheye,use_experience_Visual Studio,use_experience_Eclipse,use_experience_Netbeans,use_experience_Sublime Text,use_experience_JetBrains,currently_use_Visual Studio,currently_use_Eclipse,currently_use_Netbeans,currently_use_Sublime Text,currently_use_JetBrains,like_to_use_Visual Studio,like_to_use_Eclipse,like_to_use_Netbeans,like_to_use_Sublime Text,like_to_use_JetBrains,use_experience_Jira,use_experience_GitHub Issues,use_experience_BugZilla,use_experience_Trac,use_experience_YouTrack,use_experience_Team Foundation Server,use_experience_VersionOne,currently_use_Jira,currently_use_GitHub Issues,currently_use_BugZilla,currently_use_Trac,currently_use_YouTrack,currently_use_Team Foundation Server,currently_use_VersionOne,like_to_use_Jira,like_to_use_GitHub Issues,like_to_use_BugZilla,like_to_use_Trac,like_to_use_YouTrack,like_to_use_Team Foundation Server,like_to_use_VersionOne,debugging_tools,comments
"Scientific,Operations,Engineering",,"C, C++, Python, Bash",Never/Rarely,Never/Rarely,Never/Rarely,Never/Rarely,,,,,,,,,Often,Never/Rarely,Never/Rarely,Never/Rarely,Never/Rarely,Never/Rarely,Yes,,,,,,Yes,,,,,,Never/Rarely,Never/Rarely,Never/Rarely,Never/Rarely,Never/Rarely,,,,,,,,,,Yes,,,,,,,Never/Rarely,Never/Rarely,Never/Rarely,Never/Rarely,,,,,,,,,Never/Rarely,Never/Rarely,Never/Rarely,,,,,,,Often,Never/Rarely,Never/Rarely,Never/Rarely,Yes,,,,Yes,,,,Never/Rarely,Frequently,Never/Rarely,Never/Rarely,,Yes,,,Yes,Yes,,,Never/Rarely,Never/Rarely,Never/Rarely,Never/Rarely,Never/Rarely,,,,,,,,,,,Never/Rarely,Never/Rarely,Never/Rarely,Never/Rarely,Never/Rarely,Never/Rarely,Never/Rarely,,,,,,,,,,,,,,,"gdb, valgrind",
"Scientific,Operations,Engineering",,"Python, MATLAB, C++, JavaScript, Go",Never/Rarely,Never/Rarely,Never/Rarely,Never/Rarely,,,,,Yes,,,,Occasionally,Never/Rarely,Never/Rarely,Never/Rarely,Never/Rarely,Never/Rarely,Yes,,,,,,Yes,,,,,,Never/Rarely,Never/Rarely,Never/Rarely,Never/Rarely,Never/Rarely,,,,,,,,,,,,,,,,,Never/Rarely,Often,Never/Rarely,Never/Rarely,,Yes,,,,Yes,,,Never/Rarely,Never/Rarely,Occasionally,,,,,,Yes,Often,Never/Rarely,Never/Rarely,Never/Rarely,Yes,,,,Yes,,,,Frequently,Frequently,Occasionally,Never/Rarely,Yes,Yes,,,Yes,,,,Never/Rarely,Never/Rarely,Never/Rarely,Occasionally,Never/Rarely,,,,,,,,,,,Occasionally,Occasionally,Never/Rarely,Never/Rarely,Never/Rarely,Never/Rarely,Never/Rarely,,Yes,,,,,,,Yes,,,,,,Gdb and Pdb for Python stuff,
"Operations,Engineering",,"Python, EPICS, C, IEC 61131-3 Structured Text & Ladder Diagrams",Never/Rarely,Never/Rarely,Never/Rarely,Never/Rarely,,,,,Yes,,,,Often,Never/Rarely,Never/Rarely,Never/Rarely,Never/Rarely,Never/Rarely,Yes,,,,,,Yes,,,,,,Never/Rarely,Never/Rarely,Never/Rarely,Never/Rarely,Never/Rarely,,,,,,,,,,,,,,,,,Never/Rarely,Occasionally,Never/Rarely,Never/Rarely,,,,,,Yes,,,Never/Rarely,Never/Rarely,Never/Rarely,,,,,,,Never/Rarely,Never/Rarely,Never/Rarely,Often,,,,,Yes,,,Yes,Occasionally,Never/Rarely,Never/Rarely,Never/Rarely,,,,,Yes,,,,Often,Occasionally,Never/Rarely,Never/Rarely,Occasionally,Yes,,,,,Yes,,,,Yes,Never/Rarely,Never/Rarely,Never/Rarely,Never/Rarely,Never/Rarely,Never/Rarely,Never/Rarely,,,,,,,,,,,,,,,"Visual Studio IDE tools (Step into, over, TwinCAT single pass, etc)",I'm a PLC engineer (or at least a big part of my job is) which is a subject this survey doesn't touch on much.
"Scientific,Operations,Engineering",,"Python, C++, EPICS",Never/Rarely,Never/Rarely,Never/Rarely,Never/Rarely,,,,,Yes,Yes,Yes,,Often,Never/Rarely,Never/Rarely,Occasionally,Never/Rarely,Never/Rarely,Yes,,,,,,Yes,,,,,,Never/Rarely,Never/Rarely,Never/Rarely,Never/Rarely,Never/Rarely,,,,,,,,,,,,,,,,,Never/Rarely,Never/Rarely,Never/Rarely,Never/Rarely,,,,,,Yes,,,Never/Rarely,Never/Rarely,,,,,,,,Occasionally,,,Often,,,,Yes,Yes,,,,Never/Rarely,Never/Rarely,Never/Rarely,Never/Rarely,,,,,Yes,Yes,,,Never/Rarely,Never/Rarely,Never/Rarely,Never/Rarely,Never/Rarely,,,,,,,,,,,Never/Rarely,Never/Rarely,Never/Rarely,Occasionally,Never/Rarely,Never/Rarely,Never/Rarely,,,,,,,,Yes,Yes,,,,,,"Currently very few permanent debugging tools for PCDS, but making a strong push to have pytest for most of the major modules during the 6-month down. Would be very interested to see Jira / Github integration",
"Operations,Engineering",,"Structured Text (PLC), Python, C++, BASH",Never/Rarely,Never/Rarely,Never/Rarely,Never/Rarely,,,,,,,,,Often,Never/Rarely,Never/Rarely,Never/Rarely,Never/Rarely,Never/Rarely,Yes,,,,,,Yes,,,,,,Never/Rarely,Never/Rarely,Never/Rarely,Never/Rarely,Never/Rarely,,,,,,,,,,,,,,,,,Never/Rarely,Occasionally,Never/Rarely,Never/Rarely,,Yes,,,,Yes,,,Never/Rarely,Never/Rarely,Never/Rarely,,,,,,Yes,Occasionally,Never/Rarely,Never/Rarely,Often,Yes,,,Yes,Yes,,,Yes,Occasionally,Never/Rarely,Never/Rarely,Never/Rarely,,,,,,,,,Often,Occasionally,Never/Rarely,Occasionally,Never/Rarely,Yes,Yes,,,,Yes,Yes,,Yes,,Never/Rarely,Never/Rarely,Never/Rarely,Occasionally,Never/Rarely,Never/Rarely,Never/Rarely,,,,,,,,Yes,Yes,,,,,,"None really, I'd like to learn about what's out there and how to use them!",
"Operations,Engineering,Other (please specify)",Computing infrastructure,"C
Java
Python
Perl
Bash scripting",Occasionally,Never/Rarely,Never/Rarely,Never/Rarely,,,,,Yes,,,,Often,Often,Never/Rarely,Occasionally,Never/Rarely,Never/Rarely,Yes,Yes,,,,,Yes,Yes,,,Yes,,Never/Rarely,Never/Rarely,Never/Rarely,Never/Rarely,Never/Rarely,,,,,,,,,,,,,,,,,Never/Rarely,Occasionally,Never/Rarely,Never/Rarely,,Yes,,,,Yes,,,Never/Rarely,Never/Rarely,Often,,,Yes,,,Yes,Often,Never/Rarely,Never/Rarely,Never/Rarely,Yes,,,,Yes,,,,Occasionally,Occasionally,Never/Rarely,Never/Rarely,Yes,Yes,,,Yes,Yes,,,Occasionally,Often,,,Occasionally,,Yes,,,,,Yes,,,,Occasionally,Never/Rarely,Often,Never/Rarely,Never/Rarely,Never/Rarely,Never/Rarely,,,,,,,,Yes,Yes,,,,,,,
"Scientific,Operations",,"Java, Python, Bash, XML, etc etc",Frequently,Occasionally,Never/Rarely,Never/Rarely,Yes,,,,Yes,,,,Often,Often,Never/Rarely,Never/Rarely,Never/Rarely,Never/Rarely,Yes,Yes,,,,,Yes,Yes,,,,,Never/Rarely,Often,Never/Rarely,Never/Rarely,Never/Rarely,,,,Yes,,,,,,,Yes,,,,,,Never/Rarely,Often,Occasionally,Never/Rarely,,Yes,,,,Yes,,,Never/Rarely,Often,Never/Rarely,,Yes,,,Yes,,Often,Never/Rarely,Occasionally,Often,Yes,,,Yes,Yes,,,,Frequently,Never/Rarely,Never/Rarely,Never/Rarely,Yes,,,,Yes,,,,Never/Rarely,Occasionally,Often,Never/Rarely,Occasionally,,,Yes,,,,,Yes,,,Often,Often,Never/Rarely,Occasionally,Never/Rarely,Never/Rarely,Never/Rarely,Yes,Yes,,,,,,Yes,Yes,,,,,,"netbeans, visualvm, print statements","There is probably a lot of distributed expertise in the different divisions at the lab, and in different experiments/collaborations. It would be great to learn from and build on that. Any attempt to provide some centralized alternative (like servicenow instead of JIRA!) would likely be a disaster."
Operations,,"C, Python, EPICS",Never/Rarely,Never/Rarely,Never/Rarely,Never/Rarely,,,,,,,,,Often,Never/Rarely,Never/Rarely,Occasionally,Never/Rarely,Never/Rarely,Yes,,,,,,Yes,,,,,,Never/Rarely,Never/Rarely,Never/Rarely,Never/Rarely,Never/Rarely,,,,,,,,,,,,,,,,,Never/Rarely,Occasionally,Never/Rarely,,,,,,,,,,Never/Rarely,Never/Rarely,Often,,,Yes,,,Yes,Often,Never/Rarely,Never/Rarely,Often,Yes,,,Yes,Yes,,,,Occasionally,Occasionally,Occasionally,Never/Rarely,,,,,Yes,Yes,Yes,,Occasionally,Occasionally,Occasionally,Occasionally,Occasionally,,,,Yes,,Yes,,,Yes,,Occasionally,Never/Rarely,Never/Rarely,Often,Never/Rarely,Never/Rarely,Never/Rarely,,,,,,,,,,,,,,,,
Scientific,,"python, c, fortran",Never/Rarely,Occasionally,Never/Rarely,Never/Rarely,,Yes,,,,,,,Often,Never/Rarely,Never/Rarely,Occasionally,Occasionally,Never/Rarely,Yes,,,Yes,Yes,,Yes,,,Yes,Yes,,Never/Rarely,Never/Rarely,Never/Rarely,Never/Rarely,Never/Rarely,Never/Rarely,,,,,,,,,,,,,,,,Never/Rarely,Often,Never/Rarely,Never/Rarely,,Yes,,,,Yes,,,Never/Rarely,Never/Rarely,Often,,,Yes,,,Yes,Often,Never/Rarely,Occasionally,Never/Rarely,Yes,,Yes,,Yes,,,,Frequently,Occasionally,Occasionally,Never/Rarely,Yes,Yes,Yes,,Yes,Yes,Yes,,Never/Rarely,Never/Rarely,Never/Rarely,Never/Rarely,Never/Rarely,,,,,,,,,,,Occasionally,Often,Never/Rarely,Never/Rarely,Never/Rarely,Never/Rarely,Never/Rarely,,Yes,,,,,,Yes,Yes,,,,,,various debugging packages for vim (syntastic and associated things; old school like that),
"Operations,Engineering",,"Python, C++",Never/Rarely,Never/Rarely,Never/Rarely,Never/Rarely,,,,,Yes,Yes,Yes,Yes,Often,Never/Rarely,Never/Rarely,Occasionally,Never/Rarely,Never/Rarely,Yes,,,Yes,,,Yes,,,Yes,,,Never/Rarely,Never/Rarely,Never/Rarely,Never/Rarely,Never/Rarely,,,,,,,,,,,,,,,,,Occasionally,Occasionally,Never/Rarely,Never/Rarely,,,,,,Yes,,,Never/Rarely,Never/Rarely,Often,,,Yes,,,Yes,Occasionally,Never/Rarely,Never/Rarely,Often,,,,Yes,Yes,,,,Occasionally,Never/Rarely,Never/Rarely,Never/Rarely,Yes,,,,Yes,Yes,,,Occasionally,Never/Rarely,Never/Rarely,Occasionally,Never/Rarely,,,,,,,,,,,Occasionally,Never/Rarely,Never/Rarely,Occasionally,Never/Rarely,Never/Rarely,Never/Rarely,,,,,,,,Yes,Yes,,Yes,,,,,
Operations,,"PowerShell
C#
C++",Never/Rarely,Never/Rarely,Never/Rarely,Never/Rarely,,,,,,,,,Occasionally,Never/Rarely,Never/Rarely,Never/Rarely,Never/Rarely,Never/Rarely,,,,,,,,,,,,,Never/Rarely,Never/Rarely,Never/Rarely,Never/Rarely,Never/Rarely,Never/Rarely,ANTS,,,,,,,ANTS,,,,,,Yes,ANTS,Never/Rarely,Occasionally,Never/Rarely,Never/Rarely,,Yes,,,,Yes,,,Never/Rarely,Never/Rarely,Often,,,Yes,,,Yes,Occasionally,Never/Rarely,Never/Rarely,Never/Rarely,Yes,,,,Yes,,,,Occasionally,Never/Rarely,Never/Rarely,Never/Rarely,Yes,,,,Yes,,,,Often,Never/Rarely,Never/Rarely,Never/Rarely,Never/Rarely,Yes,,,,,Yes,,,,,Occasionally,Never/Rarely,Never/Rarely,Never/Rarely,Never/Rarely,Occasionally,Never/Rarely,,,,,,,,,,,,,,,,
"Scientific,Operations",,Python C++,Never/Rarely,Never/Rarely,Never/Rarely,Never/Rarely,,,,,Yes,Yes,,,Never/Rarely,Never/Rarely,Never/Rarely,Never/Rarely,Often,Never/Rarely,Yes,,,,Yes,,Yes,,Yes,Yes,Yes,,Never/Rarely,Never/Rarely,Never/Rarely,Never/Rarely,Never/Rarely,,,,,,,,,,Yes,,Yes,,,,,Never/Rarely,Never/Rarely,Never/Rarely,Never/Rarely,,,,,,Yes,,,Never/Rarely,Never/Rarely,Occasionally,,,Yes,,,Yes,Often,Never/Rarely,Never/Rarely,Often,Yes,,,Yes,Yes,,,Yes,Frequently,Never/Rarely,Occasionally,Never/Rarely,Yes,,,,Yes,,,,Never/Rarely,Never/Rarely,Never/Rarely,Never/Rarely,Occasionally,,,,,Yes,,,,,Yes,Often,Often,Never/Rarely,Occasionally,Never/Rarely,Never/Rarely,Never/Rarely,Yes,Yes,,,,,,Yes,Yes,,,,,,"printf, and rarely gdb ","profiling 
We currently use buildbot.
Some of those tools I'm not familiar with, the Arfitifact and code review, I don't know if I'd want to start using them."
"Operations,Communications",,"PHP, BASH, Python, Go, AJAX",Occasionally,,,,Yes,,,,Yes,,,,Occasionally,,,,,,Yes,,,,,,Yes,,,,,,,,,,,,,,,,,,,,,,,,,,,,Often,,,,Yes,,,,Yes,,,,,,,,,,,,Often,,,,Yes,,,,Yes,,,,Frequently,,,,Yes,,,,Yes,,,,Occasionally,,,Often,Often,Yes,,,Yes,Yes,Yes,,,Yes,Yes,Often,Occasionally,,,,,,Yes,Yes,,,,,,,Yes,,,,,,,
Operations,,"JavaScript, Bash",Never/Rarely,Never/Rarely,Never/Rarely,Never/Rarely,,,,,,,,,Occasionally,Never/Rarely,Never/Rarely,Never/Rarely,Never/Rarely,Never/Rarely,,,,,,,,,,,,,Never/Rarely,Never/Rarely,Never/Rarely,Never/Rarely,Never/Rarely,,,,,,,,,,,,,,,,,Never/Rarely,Often,Never/Rarely,Never/Rarely,,Yes,,,,Yes,,,Never/Rarely,Never/Rarely,Occasionally,,,Yes,,,Yes,Often,Never/Rarely,Never/Rarely,Never/Rarely,Yes,,,,Yes,,,,Frequently,Occasionally,Occasionally,Never/Rarely,Yes,Yes,,,Yes,Yes,,,Never/Rarely,Never/Rarely,Never/Rarely,Never/Rarely,Never/Rarely,,,,,,,,,,,Occasionally,Occasionally,Occasionally,Never/Rarely,Never/Rarely,Never/Rarely,Never/Rarely,Yes,,,,,,,,,,,,,,,
"Scientific,Operations,Engineering",,"C, C++, python",Occasionally,,,,Yes,,,,Yes,,,,Often,Never/Rarely,Never/Rarely,Never/Rarely,Occasionally,Never/Rarely,Yes,,,,Yes,,Yes,,,,Yes,,Never/Rarely,Never/Rarely,Never/Rarely,Never/Rarely,Never/Rarely,,,,,,,,,,,,,,,,,,Occasionally,,,,Yes,,,,Yes,,,Never/Rarely,Occasionally,Occasionally,,,Yes,,,Yes,Often,,,Often,Yes,,,Yes,Yes,,,,Frequently,Occasionally,,,Yes,Yes,,,Yes,Yes,,,,Occasionally,,,,,,,,,,,,,,Often,Occasionally,Occasionally,Occasionally,Never/Rarely,Never/Rarely,Never/Rarely,Yes,Yes,,,,,,Yes,Yes,,,,,,,
"Scientific,Operations",,"C++, Python",Never/Rarely,Never/Rarely,Never/Rarely,Never/Rarely,,,,,,,,,Occasionally,Never/Rarely,Never/Rarely,,Often,Never/Rarely,,,,,Yes,,,,,,,,Never/Rarely,Never/Rarely,Never/Rarely,Never/Rarely,Never/Rarely,,,,,,,,,,,,,,,,,Never/Rarely,Occasionally,Never/Rarely,Never/Rarely,,Yes,,,,,,,Never/Rarely,Never/Rarely,Occasionally,,,,,,,Occasionally,Never/Rarely,Never/Rarely,Often,Yes,,,Yes,,,,,Occasionally,Never/Rarely,Never/Rarely,Never/Rarely,Yes,,,,,,,,Never/Rarely,Occasionally,Never/Rarely,Never/Rarely,Never/Rarely,,Yes,,,,,,,,,Often,,,Occasionally,,,,Yes,,,,,,,,,,,,,,gdb,"editors emacs, vim"
"Operations,Engineering",,"Java, Python, Javascript, HTML/CSS",Frequently,Never/Rarely,Never/Rarely,Never/Rarely,Yes,,,,Yes,,,,Occasionally,Occasionally,Never/Rarely,Never/Rarely,Never/Rarely,Never/Rarely,,,,,,,,,,,,,Never/Rarely,Occasionally,Never/Rarely,Occasionally,Never/Rarely,,,,,,,,,,,Yes,,,,,,Never/Rarely,Often,Never/Rarely,Never/Rarely,,Yes,,,,Yes,,,Never/Rarely,Never/Rarely,Never/Rarely,,,,,Yes,,Often,Never/Rarely,Occasionally,Occasionally,Yes,,,,Yes,,,,Frequently,Frequently,Never/Rarely,Never/Rarely,Yes,Yes,,,Yes,Yes,,,Never/Rarely,Often,Never/Rarely,Never/Rarely,Never/Rarely,,Yes,,,,,Yes,,,,Often,Often,Never/Rarely,Never/Rarely,Never/Rarely,Never/Rarely,Never/Rarely,Yes,Yes,,,,,,Yes,Yes,,,,,,,
Engineering,,"Python
C
C++",Never/Rarely,Frequently,Frequently,Never/Rarely,,Yes,Yes,,Yes,,Yes,,Often,Never/Rarely,Never/Rarely,Occasionally,Never/Rarely,Never/Rarely,Yes,,,Yes,,,Yes,,,Yes,,,Never/Rarely,Never/Rarely,Never/Rarely,Never/Rarely,Often,,,,,,,Yes,,,,,,,Yes,,,Never/Rarely,Often,Never/Rarely,Never/Rarely,,Yes,,,,Yes,,,Never/Rarely,Never/Rarely,Occasionally,,,Yes,,,Yes,Often,Never/Rarely,Occasionally,Often,Yes,,,Yes,Yes,,,,Frequently,Never/Rarely,Occasionally,Never/Rarely,Yes,,,,Yes,,,,Never/Rarely,Occasionally,Never/Rarely,Occasionally,Occasionally,,Yes,,Yes,Yes,,Yes,,Yes,Yes,Never/Rarely,Often,Occasionally,Occasionally,Never/Rarely,Never/Rarely,Never/Rarely,,Yes,,,,,,Yes,Yes,,,,,,"pdb
gdb
valgrind",
"Operations,Engineering,Other (please specify)",EPICS control for LCLS and Photon Exp Halls,"Primarily C++ and python, along w/ bash scripts.
Occasionally C, perl, and java.",Never/Rarely,,Never/Rarely,,,,,,Yes,,Yes,,Often,Never/Rarely,Never/Rarely,Occasionally,Occasionally,Never/Rarely,Yes,,,,,,Yes,,,,,,Never/Rarely,Never/Rarely,Never/Rarely,Never/Rarely,Never/Rarely,,,,,,,,,,,,,,,,,Never/Rarely,Often,Never/Rarely,Never/Rarely,,Yes,,,,Yes,,,Never/Rarely,Never/Rarely,Often,,,Yes,,,Yes,Often,Often,Occasionally,Often,Yes,,,Yes,Yes,,,Yes,Frequently,Occasionally,,,Yes,Yes,,,Yes,Yes,,,Often,Occasionally,Never/Rarely,Never/Rarely,Never/Rarely,,,,,,,,,,,Occasionally,Never/Rarely,Occasionally,Often,Never/Rarely,Never/Rarely,Never/Rarely,,,,,,,,Yes,Yes,,,,,,"Currently using pdb for python.
For C/C++ I occasionally use gdb and/or ddd.
For networking, wireshark and tcpdump.",
Scientific,,"Python, C++",Never/Rarely,Never/Rarely,Never/Rarely,Never/Rarely,,,,,,,,,Often,,,,,,Yes,,,,,,,,,,,,Never/Rarely,Never/Rarely,Never/Rarely,Never/Rarely,Never/Rarely,,,,,,,,,,,,,,,,,Never/Rarely,Never/Rarely,Never/Rarely,Never/Rarely,,,,,,,,,Never/Rarely,Never/Rarely,Occasionally,,,,,,,Never/Rarely,Never/Rarely,Never/Rarely,Often,,,,,,,,,Never/Rarely,Never/Rarely,Never/Rarely,Never/Rarely,,,,,,,,,Never/Rarely,Never/Rarely,Never/Rarely,Never/Rarely,Never/Rarely,,,,,,,,,,,Often,,,,,,,,,,,,,,,,,,,,,"gdb, a little pdb, profilers",
Scientific,,Python,Never/Rarely,Never/Rarely,Never/Rarely,Never/Rarely,,,,,,,,,Never/Rarely,Never/Rarely,Never/Rarely,Never/Rarely,Never/Rarely,Never/Rarely,,,,,,,,,,,,,Never/Rarely,Never/Rarely,Never/Rarely,Never/Rarely,Never/Rarely,Occasionally,pyinstrument,,,,,,Yes,pyinstrument,,,,,,Yes,pyinstrument,Never/Rarely,Never/Rarely,Never/Rarely,Never/Rarely,,,,,,,,,Never/Rarely,Never/Rarely,Often,,,Yes,,,Yes,Often,Never/Rarely,Never/Rarely,Never/Rarely,Yes,,,,Yes,,,,Occasionally,Frequently,Occasionally,Never/Rarely,Yes,Yes,Yes,,Yes,Yes,Yes,,Occasionally,Never/Rarely,Never/Rarely,Never/Rarely,Often,Yes,,,,Yes,Yes,,,,Yes,Never/Rarely,Never/Rarely,Never/Rarely,Never/Rarely,Never/Rarely,Never/Rarely,Never/Rarely,,,,,,,,,,,,,,,"Typically I just use a linter. I would be interested in using more sophisticated tools, however these typically require some kind of subscription/purchase which isn't necessarily straightforward to justify.",I use GitLab CI instead of any of the ones listed above. 
"Scientific,Operations",,"python, c++",Never/Rarely,Frequently,Never/Rarely,Never/Rarely,,Yes,,,,Yes,,,Occasionally,Never/Rarely,Never/Rarely,Never/Rarely,Occasionally,Never/Rarely,Yes,,,,Yes,,,,,,,,Never/Rarely,Never/Rarely,Never/Rarely,Never/Rarely,Never/Rarely,Often,"pyflakes, etc",,,,,,Yes,"pyflakes, etc",,,,,,Yes,"pyflakes, etc",Never/Rarely,Often,Never/Rarely,Never/Rarely,,Yes,,,,Yes,,,Never/Rarely,Never/Rarely,Occasionally,,,Yes,,,Yes,Often,Never/Rarely,Never/Rarely,Occasionally,Yes,,,Yes,Yes,,,,Frequently,Never/Rarely,Never/Rarely,Never/Rarely,Yes,,,,Yes,,,,Never/Rarely,Never/Rarely,Never/Rarely,Never/Rarely,Never/Rarely,,,,,,,,,,,Occasionally,Often,Never/Rarely,Never/Rarely,Never/Rarely,Never/Rarely,Never/Rarely,,Yes,,,,,,,Yes,,,,,,,"GITHUB

I am on a mission to get LCLS to convert to github. Having been a long time user, I know we are missing out on the support for collaborative development github provides. Would be great to have it as a cross-lab standard."
Engineering,,"C++, Matlab, Mathematica",Never/Rarely,Never/Rarely,Never/Rarely,Never/Rarely,,,,,,,,,Occasionally,,,,,,Yes,,,,,,Yes,,,,,,Never/Rarely,Never/Rarely,Never/Rarely,Never/Rarely,Never/Rarely,,,,,,,,,,,,,,,,,Never/Rarely,Never/Rarely,Never/Rarely,Never/Rarely,,,,,,,,,Never/Rarely,Never/Rarely,Never/Rarely,,,,,,,Never/Rarely,Never/Rarely,Never/Rarely,Never/Rarely,,,,,,,,,Never/Rarely,Never/Rarely,Never/Rarely,Never/Rarely,,,,,,,,,Occasionally,Occasionally,Never/Rarely,Never/Rarely,Never/Rarely,Yes,Yes,,,,Yes,Yes,,,,Never/Rarely,Never/Rarely,Never/Rarely,Never/Rarely,Never/Rarely,Never/Rarely,Never/Rarely,,,,,,,,,,,,,,,,
"Scientific,Operations",,"C++, Python",Frequently,Frequently,Never/Rarely,Never/Rarely,Yes,Yes,,,Yes,Yes,,,Often,Never/Rarely,Never/Rarely,Often,Often,Never/Rarely,,,,Yes,Yes,,Yes,,,Yes,,,Never/Rarely,Never/Rarely,Never/Rarely,Never/Rarely,Never/Rarely,,,,,,,,,,Yes,,,,,,,Often,Often,Never/Rarely,Never/Rarely,,Yes,,,Yes,Yes,,,Never/Rarely,Never/Rarely,Often,,,Yes,,,Yes,Often,Often,Never/Rarely,Never/Rarely,Yes,,,,Yes,,,,Frequently,Occasionally,Occasionally,Occasionally,Yes,,,,Yes,,,,Often,Often,Never/Rarely,Often,Never/Rarely,,Yes,,Yes,,,Yes,,Yes,,Often,Occasionally,Never/Rarely,Occasionally,Never/Rarely,Never/Rarely,Never/Rarely,Yes,,,,,,,Yes,,,,,,,"gdb, pydb, valgrind","Code reviews on github suck.  CodeCollaborator is a much nicer tool, but $$$...  Even Gerritt is better."
"Scientific,Operations",,"Java / Jsp, Python, Perl, SQL, MySQL",Occasionally,Never/Rarely,Never/Rarely,Never/Rarely,Yes,,,,Yes,,,,Never/Rarely,Occasionally,Never/Rarely,Never/Rarely,Never/Rarely,Never/Rarely,,Yes,,,,,,Yes,,,,,Never/Rarely,Never/Rarely,Never/Rarely,Never/Rarely,Never/Rarely,,,,,,,,,,,,,,,,,Never/Rarely,Occasionally,Never/Rarely,Never/Rarely,,Yes,,,,Yes,,,Never/Rarely,Occasionally,Never/Rarely,,Yes,,,,,Occasionally,,Occasionally,Occasionally,Yes,,Yes,Yes,Yes,,Yes,Yes,Occasionally,Never/Rarely,Never/Rarely,Never/Rarely,Yes,,,,Yes,,,,Never/Rarely,Never/Rarely,Occasionally,Never/Rarely,Never/Rarely,,,Yes,,,,Yes,Yes,,,Occasionally,Never/Rarely,Occasionally,Never/Rarely,Never/Rarely,Never/Rarely,Never/Rarely,Yes,,,,,,,Yes,Yes,,,,,,In the end print statements. I should learn how to use Netbean's debugger at some point.,"Most of the names I've never heard of got marked as 'Never' but only because it's not clear if starting to use one of them in place of what I already use would be an improvement.



Thanks for the survey. "
"Operations,Engineering",,"PL/SQL, bash scripts.",Never/Rarely,Never/Rarely,Never/Rarely,Never/Rarely,,,,,,,,,Never/Rarely,Never/Rarely,Never/Rarely,Never/Rarely,Never/Rarely,Never/Rarely,,,,,,,,,,,,,Never/Rarely,Never/Rarely,Never/Rarely,Never/Rarely,Never/Rarely,Never/Rarely,,,,,,,,,,,,,,,,Never/Rarely,Never/Rarely,Never/Rarely,Never/Rarely,,,,,,,,,Never/Rarely,Never/Rarely,Never/Rarely,,,,,,,Never/Rarely,Never/Rarely,Never/Rarely,Never/Rarely,,,,,,,,,Never/Rarely,Never/Rarely,Never/Rarely,Never/Rarely,,,,,,,,,Never/Rarely,Never/Rarely,Never/Rarely,Never/Rarely,Never/Rarely,,,,,,,,,,,Never/Rarely,Never/Rarely,Never/Rarely,Never/Rarely,Never/Rarely,Never/Rarely,Never/Rarely,,,,,,,,,,,,,,,,
Scientific,,"python, c++",Never/Rarely,Never/Rarely,Never/Rarely,Never/Rarely,,,,,,,,,Occasionally,Never/Rarely,Never/Rarely,Never/Rarely,Never/Rarely,Never/Rarely,Yes,,,,,,,,,,,,Never/Rarely,Never/Rarely,Never/Rarely,Never/Rarely,Never/Rarely,,,,,,,,,,,,,,,,,Never/Rarely,Occasionally,Never/Rarely,Never/Rarely,,Yes,,,,Yes,,,Never/Rarely,Never/Rarely,Never/Rarely,,,,,,,Often,Never/Rarely,Never/Rarely,Occasionally,Yes,,,,Yes,,,,Frequently,Never/Rarely,Never/Rarely,Never/Rarely,Yes,,,,Yes,,,,,,,,,,,,,,,,,,,Often,Occasionally,Never/Rarely,Never/Rarely,Never/Rarely,Never/Rarely,Never/Rarely,Yes,Yes,,,,,,Yes,Yes,,,,,,"pdb, gdb",
"Scientific,Operations",,"python, C++, bash",Frequently,Frequently,Never/Rarely,Never/Rarely,Yes,Yes,,,Yes,Yes,,,Often,Never/Rarely,Never/Rarely,Never/Rarely,Often,Never/Rarely,Yes,,,,Yes,,Yes,,,,Yes,,Never/Rarely,Never/Rarely,Never/Rarely,Never/Rarely,Never/Rarely,Often,pylint,,,,,,Yes,pylint,,,,,,Yes,pylint,Never/Rarely,Often,Never/Rarely,Never/Rarely,,Yes,,,,Yes,,,Never/Rarely,Never/Rarely,Never/Rarely,,,,,,,Often,Never/Rarely,Never/Rarely,Occasionally,Yes,,,,Yes,,,,Frequently,Never/Rarely,Occasionally,Never/Rarely,Yes,,Yes,,Yes,,Yes,,Never/Rarely,Never/Rarely,Never/Rarely,Never/Rarely,Never/Rarely,,,,,,,,,,,Often,Often,Never/Rarely,Never/Rarely,Never/Rarely,Never/Rarely,Never/Rarely,Yes,Yes,,,,,,Yes,Yes,,,,,,"gdb, pdb in python","trello for project management
I consider emacs with various plugins for python development superior to any IDEs."
"Operations,Engineering",,"EPICS Framework
C++
C
Python
Matlab
bash",Never/Rarely,Never/Rarely,Never/Rarely,Never/Rarely,,,,,,,,,Often,Never/Rarely,Never/Rarely,Occasionally,Never/Rarely,Never/Rarely,Yes,,,,,,Yes,,,,,,Never/Rarely,Never/Rarely,Never/Rarely,Never/Rarely,Never/Rarely,,,,,,,,,,,,,,,,,Never/Rarely,Often,Never/Rarely,Never/Rarely,,Yes,,,,Yes,,,Never/Rarely,Never/Rarely,Never/Rarely,,,,,,,Often,Never/Rarely,Never/Rarely,Often,Yes,,,Yes,Yes,,,Yes,Occasionally,Occasionally,Occasionally,,Yes,Yes,Yes,,Yes,Yes,Yes,,Never/Rarely,Never/Rarely,Never/Rarely,Occasionally,Never/Rarely,,,,,,,,,,,Never/Rarely,Never/Rarely,Never/Rarely,Never/Rarely,Never/Rarely,Never/Rarely,Never/Rarely,,,,,,,,,,,,,,,,
Scientific,,"bash, Python, C++, PHP, JavaScript",Occasionally,Occasionally,Never/Rarely,Never/Rarely,Yes,Yes,,,Yes,Yes,,,Occasionally,Never/Rarely,Never/Rarely,Never/Rarely,Often,Never/Rarely,,,,,Yes,,Yes,,,Yes,Yes,,Never/Rarely,Never/Rarely,Never/Rarely,Never/Rarely,Never/Rarely,,,,,,,,,,,,,,,,,Never/Rarely,Often,Never/Rarely,Never/Rarely,,Yes,,,,Yes,,,Never/Rarely,Never/Rarely,Occasionally,,,Yes,,,Yes,Often,Never/Rarely,Never/Rarely,Occasionally,Yes,,,,Yes,,Yes,Yes,Frequently,Never/Rarely,,Never/Rarely,Yes,,,,Yes,,,,Occasionally,Occasionally,Often,Never/Rarely,Never/Rarely,,,,,,Yes,Yes,Yes,,,Often,,,Occasionally,,,,Yes,,,,,,,Yes,,,,,,,gdb,"Yes, you've totally missed a class of the run-time profiling tools, such as: oProfile, Valgrind, etc.

You may also add the OO/UML modeling tools"
Scientific,,"C++, Python",Frequently,Never/Rarely,Never/Rarely,Never/Rarely,Yes,,,,Yes,,,,Often,Never/Rarely,Never/Rarely,Never/Rarely,Often,Never/Rarely,Yes,,,,Yes,,Yes,,,,,,Never/Rarely,Never/Rarely,Never/Rarely,Never/Rarely,Never/Rarely,,,,,,,,,,,,,,,,,,Often,,,,Yes,,,,,,,Never/Rarely,Never/Rarely,Never/Rarely,,,,,,,Often,Often,,,Yes,,,,Yes,,,,Frequently,Never/Rarely,Never/Rarely,Never/Rarely,Yes,,,,Yes,,,,Often,Occasionally,Never/Rarely,Often,Occasionally,,,,Yes,,Yes,,,Yes,,Often,Never/Rarely,Never/Rarely,Never/Rarely,Never/Rarely,Never/Rarely,Never/Rarely,Yes,,,,,,,Yes,,,,,,,"pdb, visual studio, xcode. I'd like a visual debugger for python, but haven't figured out what that would be.","you could add a ""would like to know more"" column to some of the above selections if you care about that. e.g. I haven't used any of the static analysis tools, but I would be interested in doing more static analysis than I have done yet."
"Scientific,Operations,Engineering",,"Python, R, C++",Occasionally,Occasionally,Never/Rarely,Never/Rarely,Yes,Yes,,,Yes,Yes,,,Often,Never/Rarely,Never/Rarely,Often,Often,Never/Rarely,Yes,,,Yes,Yes,,Yes,,,Yes,Yes,,Never/Rarely,Never/Rarely,Never/Rarely,Never/Rarely,Never/Rarely,,,,,,,,,,,,,,,,,Never/Rarely,Often,Never/Rarely,Never/Rarely,,Yes,,,,Yes,,,Never/Rarely,Never/Rarely,Often,,,Yes,,,Yes,Often,Never/Rarely,Never/Rarely,Occasionally,Yes,,,,Yes,,,,Frequently,Never/Rarely,Occasionally,Never/Rarely,Yes,,,,Yes,,Yes,,Never/Rarely,Occasionally,Never/Rarely,Often,Never/Rarely,,,,Yes,,,Yes,,Yes,,Often,Often,Never/Rarely,Occasionally,Never/Rarely,Never/Rarely,Never/Rarely,Yes,Yes,,,,,,Yes,Yes,,,,,,"gdb, valgrind ",
Engineering,,"C,Python, Java ",Never/Rarely,Never/Rarely,Never/Rarely,Never/Rarely,,,,,Yes,Yes,Yes,Yes,Often,Never/Rarely,Never/Rarely,Never/Rarely,Never/Rarely,Never/Rarely,Yes,,,,,,Yes,Yes,,,,,Never/Rarely,Never/Rarely,Never/Rarely,Never/Rarely,Never/Rarely,,,,,,,,,,Yes,Yes,Yes,Yes,Yes,,,Never/Rarely,Occasionally,Never/Rarely,Never/Rarely,,Yes,,,Yes,Yes,Yes,Yes,Never/Rarely,Never/Rarely,Occasionally,,,,Yes,Yes,Yes,Occasionally,Never/Rarely,Never/Rarely,Never/Rarely,Yes,,,,Yes,Yes,Yes,Yes,Occasionally,Occasionally,Never/Rarely,Never/Rarely,Yes,Yes,,,Yes,Yes,,,Occasionally,Occasionally,Occasionally,Occasionally,Occasionally,,,,,,Yes,Yes,Yes,Yes,Yes,Never/Rarely,Never/Rarely,Never/Rarely,Never/Rarely,Never/Rarely,Never/Rarely,Never/Rarely,,,,,,,,Yes,Yes,Yes,Yes,Yes,Yes,Yes,,It would be very nice to get some training and exposed more to new tools.
Engineering,,Python,Frequently,,,,Yes,,,,Yes,,,,Often,,,,Often,,Yes,,,,Yes,,Yes,,,,Yes,,,,,,,Often,"pylint, pyflakes",,,,,,Yes,"pylint, pyflakes",,,,,,Yes,"pylint, pyflakes",,Often,,,,Yes,,,,Yes,,,,,Often,,,Yes,,,Yes,Often,,,,Yes,,,,Yes,,,,Frequently,,,,Yes,,,,Yes,,,,,,,,,,,,,,,,,,,Often,,,,,,,Yes,,,,,,,Yes,,,,,,,"pdb, printf logging",
"Scientific,Operations,Engineering",,"EPICS, Matlab, Python, BASH, C",Never/Rarely,Never/Rarely,Never/Rarely,Never/Rarely,,,,,,,,,Often,Never/Rarely,Never/Rarely,Never/Rarely,Never/Rarely,Never/Rarely,Yes,,,,,,Yes,,,,,,Never/Rarely,Never/Rarely,Never/Rarely,Never/Rarely,Never/Rarely,,,,,,,,,,,,,,,,,Never/Rarely,Occasionally,Never/Rarely,Never/Rarely,,Yes,,,,Yes,,,Never/Rarely,Never/Rarely,Occasionally,,,Yes,,,Yes,Occasionally,Never/Rarely,Never/Rarely,Never/Rarely,Yes,,,,Yes,,,,Occasionally,Never/Rarely,Never/Rarely,Never/Rarely,Yes,,,,Yes,,,,Occasionally,Occasionally,Never/Rarely,Never/Rarely,Occasionally,,Yes,,,Yes,,Yes,,,Yes,Never/Rarely,Never/Rarely,Never/Rarely,Never/Rarely,Never/Rarely,Never/Rarely,Never/Rarely,,,,,,,,,,,,,,,"PyCharm, Matlab, EMACs, Eclipse built-in functions as well as some custom scripts",
"Scientific,Operations,Engineering,Other (please specify)",Controls,Java Python MATLAB C C++ FORTRAN PLM,Never/Rarely,Never/Rarely,Never/Rarely,Never/Rarely,,,,,,,,,Often,Never/Rarely,Never/Rarely,Occasionally,Never/Rarely,,Yes,,,Yes,,,,,,,,,Never/Rarely,Never/Rarely,Never/Rarely,Never/Rarely,Never/Rarely,,,,,,,,,,,,,,,,,Never/Rarely,Never/Rarely,Never/Rarely,Never/Rarely,,Yes,,,,,,,Never/Rarely,Never/Rarely,Occasionally,,,,,,,Often,Never/Rarely,Never/Rarely,Never/Rarely,,,,,,,,,Never/Rarely,Never/Rarely,Never/Rarely,Never/Rarely,,,,,Yes,Yes,,,Never/Rarely,Occasionally,Never/Rarely,Never/Rarely,Never/Rarely,,Yes,,,,,Yes,,,,Never/Rarely,Never/Rarely,Never/Rarely,Never/Rarely,Never/Rarely,Never/Rarely,Never/Rarely,,,,,,,,,,,,,,,,"You are missing CVS under Source Code Management.

You are missing CATER under ""Project Managements (Agile), Development Workflows, CCBs, and Defects"".

"
Other (please specify),Computer Center,"Perl, Unix shell scripts",Never/Rarely,Never/Rarely,Never/Rarely,Never/Rarely,,,,,,,,,Never/Rarely,Never/Rarely,Never/Rarely,Never/Rarely,Never/Rarely,Never/Rarely,,,,,,,,,,,,,Never/Rarely,Never/Rarely,Never/Rarely,Never/Rarely,Never/Rarely,Never/Rarely,Devel::SmallProf,,,,,,,Devel::SmallProf,,,,,,,Devel::SmallProf,Never/Rarely,Never/Rarely,Never/Rarely,Never/Rarely,,,,,,,,,Never/Rarely,Never/Rarely,Never/Rarely,,,,,,,Never/Rarely,Never/Rarely,Never/Rarely,Never/Rarely,,,,,Yes,,,,Never/Rarely,Never/Rarely,Never/Rarely,Never/Rarely,,,,,,,,,Never/Rarely,Never/Rarely,Never/Rarely,Never/Rarely,Never/Rarely,,,,,,,,,,,Never/Rarely,Never/Rarely,Never/Rarely,Never/Rarely,Never/Rarely,Never/Rarely,Never/Rarely,,,,,,,,,,,,,,,Perl debugger,
"Operations,Engineering",,"C, C++, python, matlab, EPICS, Java, javascript, HTML, ....",Never/Rarely,Never/Rarely,Never/Rarely,Never/Rarely,,,,,,,,,Often,Occasionally,Never/Rarely,Never/Rarely,Never/Rarely,Never/Rarely,,,,,,,,,,,,,Never/Rarely,Never/Rarely,Never/Rarely,Never/Rarely,Never/Rarely,Never/Rarely,,,,,,,,,,,,,,,,Never/Rarely,Occasionally,Never/Rarely,Never/Rarely,,,,,,,,,Never/Rarely,Never/Rarely,Never/Rarely,,,,,,,Often,Never/Rarely,Occasionally,Occasionally,Yes,,,,Yes,,,Yes,Frequently,Never/Rarely,Never/Rarely,Never/Rarely,Yes,,,,Yes,,,,Never/Rarely,Often,Occasionally,Never/Rarely,Never/Rarely,,Yes,Yes,,,,Yes,Yes,,,Often,Occasionally,Never/Rarely,Never/Rarely,Never/Rarely,Never/Rarely,Never/Rarely,Yes,,,,,,,Yes,,,,,,,"eclipse cross platform debugging, wireshark",
Scientific,,"C++, Java, Python",Frequently,Frequently,Never/Rarely,Never/Rarely,Yes,Yes,,,Yes,Yes,,,Often,Often,Never/Rarely,Occasionally,Often,Never/Rarely,Yes,Yes,,Yes,Yes,,Yes,Yes,,Yes,Yes,,Occasionally,Never/Rarely,Never/Rarely,Never/Rarely,Never/Rarely,,,,,,,,,,Yes,Yes,Yes,Yes,Yes,,,Never/Rarely,Occasionally,Occasionally,Never/Rarely,,Yes,,,,Yes,,,Never/Rarely,Occasionally,Occasionally,,Yes,Yes,,Yes,Yes,Often,Never/Rarely,Never/Rarely,Often,Yes,,,Yes,Yes,,,,Frequently,Occasionally,Occasionally,Never/Rarely,Yes,,,,Yes,Yes,Yes,,Often,Occasionally,Often,Never/Rarely,Never/Rarely,,,Yes,,,,,Yes,,Yes,Often,Often,Occasionally,Occasionally,Never/Rarely,Never/Rarely,Never/Rarely,Yes,Yes,,,,,,Yes,Yes,,,,,,"gdb, pdb",
Scientific,,"IEC 61131-3, JAVA, C, Python",Never/Rarely,Never/Rarely,Never/Rarely,Never/Rarely,Yes,,,,,,,,Occasionally,Occasionally,Never/Rarely,Never/Rarely,Never/Rarely,,Yes,Yes,,,,,,,,,,,Never/Rarely,Never/Rarely,Never/Rarely,Never/Rarely,Never/Rarely,Never/Rarely,,,,,,,,,,,,,,,,Never/Rarely,Occasionally,Never/Rarely,Never/Rarely,,Yes,,,,,,,Never/Rarely,Never/Rarely,Never/Rarely,,,,,,,Occasionally,,,Often,Yes,,,Yes,,,,,Occasionally,Never/Rarely,Never/Rarely,Never/Rarely,Yes,,,,,,,,Never/Rarely,Never/Rarely,Occasionally,Never/Rarely,Never/Rarely,,,Yes,,,,,,,,Often,Never/Rarely,Never/Rarely,Never/Rarely,Never/Rarely,Never/Rarely,Never/Rarely,Yes,,,,,,,,,,,,,,,
"Scientific,Operations",,"Matlab, Python, EPICS, PHP, APEX",Never/Rarely,Never/Rarely,Never/Rarely,Never/Rarely,,,,,,,,,Occasionally,,,,,,Yes,,,,,,Yes,,,,,,Never/Rarely,Never/Rarely,Never/Rarely,Never/Rarely,Never/Rarely,,,,,,,,,,,,,,,,,Never/Rarely,Never/Rarely,Never/Rarely,Never/Rarely,,,,,,,,,Never/Rarely,Never/Rarely,Never/Rarely,,,,,,,Never/Rarely,Never/Rarely,Never/Rarely,Never/Rarely,,,,,,,,,Never/Rarely,Never/Rarely,Never/Rarely,Never/Rarely,,,,,,,,,Never/Rarely,Occasionally,Never/Rarely,Never/Rarely,Never/Rarely,,,,,,,,,,,Never/Rarely,Never/Rarely,Never/Rarely,Never/Rarely,Never/Rarely,Never/Rarely,Never/Rarely,,,,,,,,,,,,,,,Matlab debugger. Simple print statements in Python.,CVS for code repository.
Scientific,,"C++, Java",Never/Rarely,Frequently,Never/Rarely,Never/Rarely,,Yes,,,,Yes,,,Occasionally,Never/Rarely,Never/Rarely,Often,Never/Rarely,Never/Rarely,Yes,,,Yes,,,Yes,,,Yes,,,Occasionally,Never/Rarely,Never/Rarely,Never/Rarely,Never/Rarely,,,Yes,,,,,,,Yes,,,,,,,Never/Rarely,Often,Never/Rarely,Never/Rarely,,Yes,,,,Yes,,,Never/Rarely,Never/Rarely,Never/Rarely,,,,,,,Often,Never/Rarely,Never/Rarely,Often,Yes,,,Yes,Yes,,,Yes,Frequently,Never/Rarely,Never/Rarely,Never/Rarely,Yes,,,,Yes,,,,Never/Rarely,Never/Rarely,Occasionally,Never/Rarely,Never/Rarely,,,,,,,,Yes,,,Never/Rarely,Often,Often,Never/Rarely,Never/Rarely,Never/Rarely,Never/Rarely,,Yes,Yes,,,,,,Yes,Yes,,,,,"XCode, Valgrind.","Under IDEs, you didn't have a column for XCode. This is my principle IDE."
Engineering,,"C#, PHP, Javascript, SQL, Powershell, C",Never/Rarely,Never/Rarely,Never/Rarely,Never/Rarely,,,,,,,,,Never/Rarely,Never/Rarely,Never/Rarely,Never/Rarely,Never/Rarely,Never/Rarely,,,,,,,,,,,,,Never/Rarely,Never/Rarely,Never/Rarely,Never/Rarely,Never/Rarely,Never/Rarely,,,,,,,,,,,,,,,,Never/Rarely,Never/Rarely,Never/Rarely,Never/Rarely,,,,,,,,,Never/Rarely,Never/Rarely,Never/Rarely,,,,,,,Never/Rarely,Never/Rarely,Never/Rarely,Never/Rarely,,,,,,,,,Never/Rarely,Never/Rarely,Never/Rarely,Never/Rarely,,,,,,,,,Often,,,,,Yes,,,,,Yes,,,,,Never/Rarely,Never/Rarely,Never/Rarely,Never/Rarely,Never/Rarely,Never/Rarely,Never/Rarely,,,,,,,,,,,,,,,"Visual Studio, Powershell ISE, Dreamweaver, InfoPath Designer","Missing Questions:
Where do you get your code tools/development support?
What support should be provided in-house?
Should there be SLAC-wide code and tool standardization policies, what should they be?
"
Engineering,,"python, c++",Never/Rarely,Never/Rarely,Never/Rarely,Never/Rarely,,,,,Yes,Yes,,,Often,,,,Often,,Yes,,,,Yes,,Yes,,,,Yes,,Never/Rarely,Never/Rarely,Never/Rarely,Never/Rarely,Never/Rarely,Occasionally,flake8,,,,,,Yes,flake8,,,,,,Yes,flake8,,Often,,,,Yes,,,,Yes,,,Never/Rarely,Never/Rarely,Never/Rarely,,,,,,,Often,,,Often,Yes,,,Yes,Yes,,,,Never/Rarely,Never/Rarely,Never/Rarely,Never/Rarely,,,,,,,,,Never/Rarely,Never/Rarely,Never/Rarely,Never/Rarely,Never/Rarely,,,,,,,,,,,Occasionally,Often,,,,,,Yes,Yes,,,,,,,Yes,,,,,,,
Scientific,,"Fortran, C, Python",Never/Rarely,Never/Rarely,Never/Rarely,Never/Rarely,,,,,,,,,Often,Never/Rarely,Occasionally,Often,Occasionally,Never/Rarely,Yes,,,,,,Yes,,,,,,Never/Rarely,Never/Rarely,Never/Rarely,Never/Rarely,Never/Rarely,,,,,,,,,,,,,,,,,,Often,,,,Yes,,,,Yes,,,,,Often,,,Yes,,,Yes,Often,Never/Rarely,Occasionally,Often,Yes,,,Yes,Yes,,,,Frequently,Frequently,Never/Rarely,Never/Rarely,Yes,Yes,,,Yes,Yes,,,Never/Rarely,Never/Rarely,Never/Rarely,Never/Rarely,Never/Rarely,,,,,,,,,,,Never/Rarely,Occasionally,Never/Rarely,Never/Rarely,Never/Rarely,Never/Rarely,Never/Rarely,,Yes,,,,,,,Yes,,,,,,gdb & idb,
Scientific,,"python, julia, C++",Never/Rarely,Never/Rarely,Never/Rarely,Never/Rarely,,,,,,,,,Occasionally,Never/Rarely,Never/Rarely,Occasionally,Never/Rarely,Never/Rarely,,,,,,,,,,,,,Never/Rarely,Never/Rarely,Never/Rarely,Never/Rarely,Never/Rarely,Never/Rarely,,,,,,,,,,,,,,,,Never/Rarely,Often,Never/Rarely,Never/Rarely,,Yes,,,,Yes,,,Never/Rarely,Never/Rarely,Occasionally,,,Yes,,,Yes,Often,Never/Rarely,Occasionally,Never/Rarely,Yes,,Yes,,Yes,,Yes,,Frequently,Never/Rarely,Occasionally,Never/Rarely,Yes,,Yes,,Yes,,Yes,,Never/Rarely,Never/Rarely,Never/Rarely,Never/Rarely,Occasionally,,,,,Yes,,,,,Yes,Never/Rarely,Occasionally,Never/Rarely,Never/Rarely,Never/Rarely,Never/Rarely,Never/Rarely,,Yes,,,,,,,Yes,,,,,,,
"Scientific,Other (please specify)",KIPAC/Campus,"C, C++, Fortran, Python, R, bash",Never/Rarely,Never/Rarely,Never/Rarely,Never/Rarely,,,,,,,,,Often,Never/Rarely,Never/Rarely,Never/Rarely,Never/Rarely,Never/Rarely,Yes,,,,,,Yes,,,,,,Never/Rarely,Never/Rarely,Never/Rarely,Never/Rarely,Never/Rarely,,,,,,,,,,,,,,,,,Never/Rarely,Occasionally,Never/Rarely,Never/Rarely,,,,,,,,,Never/Rarely,Never/Rarely,Occasionally,,,,,,,Often,Never/Rarely,Never/Rarely,Occasionally,Yes,,,,Yes,,,,Never/Rarely,Never/Rarely,Never/Rarely,Never/Rarely,,,,,,,,,Never/Rarely,Never/Rarely,Never/Rarely,Never/Rarely,Never/Rarely,,,,,,,,,,,Never/Rarely,Never/Rarely,Never/Rarely,Never/Rarely,Never/Rarely,Never/Rarely,Never/Rarely,,,,,,,,,,,,,,,,
Scientific,,"Python, IDL, c, bash",Occasionally,Frequently,Never/Rarely,Never/Rarely,Yes,Yes,,,Yes,Yes,,,Often,Never/Rarely,Never/Rarely,Occasionally,Often,Never/Rarely,Yes,,,,Yes,,Yes,,,,Yes,,Never/Rarely,Never/Rarely,Never/Rarely,Never/Rarely,Never/Rarely,,,,,,,,,,,,,,,,,Never/Rarely,Never/Rarely,Never/Rarely,Never/Rarely,,,,,,,,,Never/Rarely,Never/Rarely,Occasionally,,,Yes,,,Yes,Often,Never/Rarely,Never/Rarely,Occasionally,Yes,,,Yes,Yes,,,,Occasionally,Never/Rarely,Occasionally,Never/Rarely,,,,,,,,,Never/Rarely,Never/Rarely,Never/Rarely,Never/Rarely,Never/Rarely,,,,,,,,,,,Often,Often,Never/Rarely,Never/Rarely,Never/Rarely,Never/Rarely,Never/Rarely,Yes,Yes,,,,,,,Yes,,,,,,,
Scientific,,"c, Pyhon, Javascript, csh, FORTRAN, bash, postscript, html",Never/Rarely,Never/Rarely,Never/Rarely,Never/Rarely,,,,,,,,,Often,,,,,,Yes,,,,,,Yes,,,,,,Never/Rarely,Never/Rarely,Never/Rarely,Never/Rarely,Never/Rarely,,,,,,,,,,,,,,,,,Never/Rarely,Occasionally,Never/Rarely,Never/Rarely,,,,,,Yes,,,Never/Rarely,Never/Rarely,Never/Rarely,,,,,,,Occasionally,Never/Rarely,Never/Rarely,Never/Rarely,,,,,,,,,Occasionally,Never/Rarely,Never/Rarely,Never/Rarely,,,,,Yes,,,,Never/Rarely,Never/Rarely,Never/Rarely,Never/Rarely,Never/Rarely,,,,,,,,,,,Never/Rarely,Never/Rarely,Never/Rarely,Occasionally,Never/Rarely,Never/Rarely,Never/Rarely,,,,,,,,,,,,,,,"Careful reading, occasional diagnostic print statements.  Better debugging tools lead to poor coding.",OS familiarity and management
"Scientific,Operations",,"python, bash and to a lesser extent, C and C++",Never/Rarely,Never/Rarely,Never/Rarely,Never/Rarely,,,,,,,,,Occasionally,Never/Rarely,Never/Rarely,Never/Rarely,Occasionally,,Yes,,,,Yes,,Yes,,,,Yes,,Never/Rarely,Never/Rarely,Never/Rarely,Never/Rarely,Never/Rarely,,,,,,,,,,,,,,,,,Never/Rarely,Often,Never/Rarely,Never/Rarely,,Yes,,,,Yes,,,Never/Rarely,Never/Rarely,Never/Rarely,,,,,,,Often,Never/Rarely,Never/Rarely,Never/Rarely,Yes,,,,Yes,,,,Frequently,Never/Rarely,Occasionally,Never/Rarely,Yes,,Yes,,Yes,,,,Never/Rarely,Never/Rarely,Never/Rarely,Never/Rarely,Never/Rarely,,,,,,,,,,,Often,Often,Never/Rarely,Occasionally,Never/Rarely,Never/Rarely,Never/Rarely,Yes,Yes,,,,,,Yes,Yes,,,,,,"built-in language elements, gdb, profiling, ganglia(!).   Open to suggestion.",
Scientific,,"Python, C++",Never/Rarely,Frequently,Occasionally,Never/Rarely,,Yes,Yes,,,Yes,Yes,,Occasionally,Never/Rarely,Never/Rarely,Never/Rarely,Often,Never/Rarely,Yes,,,,Yes,,Yes,,,Yes,Yes,,Never/Rarely,Never/Rarely,Never/Rarely,Never/Rarely,Often,,,,,,,Yes,,,,,,,Yes,,,Never/Rarely,Often,Never/Rarely,Never/Rarely,,Yes,,,,Yes,,,Never/Rarely,Never/Rarely,Often,,,Yes,,,Yes,Often,Never/Rarely,Never/Rarely,Never/Rarely,Yes,,,,Yes,,,,Frequently,Never/Rarely,Occasionally,Never/Rarely,Yes,,Yes,,Yes,,Yes,,Never/Rarely,Never/Rarely,Never/Rarely,Never/Rarely,Occasionally,,,,,,,,,,,Often,Often,Never/Rarely,Never/Rarely,Never/Rarely,Never/Rarely,Never/Rarely,Yes,Yes,,,,,,Yes,Yes,,,,,,,
Scientific,,"C, Python, Matlab, Wolfram Language, shell scripting",Never/Rarely,Never/Rarely,Never/Rarely,Never/Rarely,,,,,Yes,,,Yes,Often,Never/Rarely,Never/Rarely,Occasionally,Never/Rarely,Never/Rarely,Yes,,,Yes,,,Yes,,Yes,Yes,,,Never/Rarely,Never/Rarely,Never/Rarely,Never/Rarely,Never/Rarely,,,,,,,,,,,,,,,,,Occasionally,Often,Never/Rarely,Never/Rarely,,Yes,,,Yes,Yes,,,Never/Rarely,Never/Rarely,Often,,,Yes,,,Yes,Often,Never/Rarely,Often,Never/Rarely,Yes,,Yes,,Yes,,,,Frequently,Frequently,Frequently,Never/Rarely,Yes,Yes,Yes,,Yes,Yes,Yes,,,,,,,,,,,,,,,,,Never/Rarely,Often,Never/Rarely,Never/Rarely,Never/Rarely,Never/Rarely,Never/Rarely,,Yes,,,,,,Yes,Yes,,,,,,"gdb, valgrind, pdb",
Scientific,,"python
fortran 90
",Never/Rarely,Never/Rarely,Never/Rarely,Never/Rarely,,,,,,,,,Often,Never/Rarely,Never/Rarely,Occasionally,Never/Rarely,Never/Rarely,Yes,,,Yes,,,,,,,,,Never/Rarely,Never/Rarely,Never/Rarely,Never/Rarely,Never/Rarely,,,,,,,,,,,,,,,,,Never/Rarely,Occasionally,Never/Rarely,Never/Rarely,,,,,,Yes,,,Never/Rarely,Never/Rarely,Never/Rarely,,,,,,,Occasionally,Never/Rarely,Never/Rarely,Occasionally,Yes,,,Yes,Yes,,,,Never/Rarely,Never/Rarely,Never/Rarely,Never/Rarely,,,,,,,,,Never/Rarely,Never/Rarely,Never/Rarely,Often,Never/Rarely,,,,Yes,,,,,Yes,,Never/Rarely,Never/Rarely,Never/Rarely,Never/Rarely,Never/Rarely,Never/Rarely,Never/Rarely,,,,,,,,,,,,,,,,
Scientific,,"Fortran, IDL",Never/Rarely,Never/Rarely,Never/Rarely,Never/Rarely,,,,,,,,,Often,,,,,,Yes,,,,,,,,,,,,Never/Rarely,Never/Rarely,Never/Rarely,Never/Rarely,Never/Rarely,,,,,,,,,,,,,,,,,Never/Rarely,Occasionally,Never/Rarely,Never/Rarely,,,,,,,,,Never/Rarely,Never/Rarely,Never/Rarely,,,,,,,Occasionally,Never/Rarely,Never/Rarely,Often,,,,,,,,,Occasionally,Never/Rarely,Occasionally,Never/Rarely,,,,,,,,,Never/Rarely,Never/Rarely,Never/Rarely,Never/Rarely,Never/Rarely,,,,,,,,,,,Never/Rarely,Never/Rarely,Never/Rarely,Never/Rarely,Never/Rarely,Never/Rarely,Never/Rarely,,,,,,,,,,,,,,,,
Scientific,,"C++, Java, Mathematica
My student also uses Python and Jupyter.  I haven't gotten there yet.",Never/Rarely,Never/Rarely,Never/Rarely,Never/Rarely,,,,,,,,,Often,Never/Rarely,Never/Rarely,Never/Rarely,Never/Rarely,Never/Rarely,,,,,,,Yes,,,,,,Never/Rarely,Never/Rarely,Never/Rarely,Never/Rarely,Never/Rarely,Occasionally,gprof (C++ tool),,,,,,Yes,gprof (C++ tool),,,,,,Yes,gprof (C++ tool),Never/Rarely,Occasionally,Never/Rarely,Never/Rarely,,,,,,Yes,,,Never/Rarely,Never/Rarely,Never/Rarely,,,,,,,Never/Rarely,Never/Rarely,Never/Rarely,Never/Rarely,,,,,,,,,Never/Rarely,Never/Rarely,Never/Rarely,Never/Rarely,,,,,,,,,Never/Rarely,Never/Rarely,Never/Rarely,Never/Rarely,Never/Rarely,,,,,,,,,,,Never/Rarely,Never/Rarely,Never/Rarely,Never/Rarely,Never/Rarely,Never/Rarely,Never/Rarely,,,,,,,,,,,,,,,,"I write small-scale programs that are essential to my scientific work.  As such, I am too small a fry to get any support or training at SLAC.  So I am still stuck in the 20th century.    There are many people like me at the lab.  Will you remedy this?"
"Scientific,Other (please specify)",KIPAC/Campus,"C++, Perl, Python (minimal), SQL (minimal)",Frequently,Occasionally,Never/Rarely,Never/Rarely,Yes,,,,Yes,,,,Often,Never/Rarely,Never/Rarely,Often,Occasionally,Never/Rarely,Yes,,,Yes,,,Yes,,,Yes,,,Often,Never/Rarely,Never/Rarely,Never/Rarely,Never/Rarely,,,Yes,,,,,,,,,,,,,,Never/Rarely,Occasionally,Never/Rarely,Never/Rarely,,Yes,,,,,,,Never/Rarely,Never/Rarely,Never/Rarely,,,,,,,Often,Never/Rarely,Never/Rarely,Often,Yes,,,Yes,,,,,Frequently,Never/Rarely,Frequently,Never/Rarely,Yes,,Yes,,,,,,Never/Rarely,Never/Rarely,Never/Rarely,Never/Rarely,Never/Rarely,,,,,,,,,,,Often,Occasionally,Often,Never/Rarely,Never/Rarely,Never/Rarely,Never/Rarely,Yes,Yes,Yes,,,,,,,,,,,,"LLDB, IgProf",
Scientific,,"Predominantly Java, Python, C++",Occasionally,Never/Rarely,Never/Rarely,Never/Rarely,Yes,,,,Yes,,,,Occasionally,Often,,,Occasionally,,Yes,Yes,,,Yes,,,Yes,,,Yes,,Never/Rarely,Never/Rarely,Never/Rarely,Never/Rarely,Never/Rarely,,,,,,,,,,,,,,,,,,Occasionally,Never/Rarely,Never/Rarely,,Yes,,,,Yes,,,Never/Rarely,Never/Rarely,Often,,,Yes,,,Yes,Often,,,Occasionally,Yes,,,,Yes,,,,Frequently,Never/Rarely,Never/Rarely,Never/Rarely,Yes,,,,Yes,,,,Occasionally,Never/Rarely,Often,Never/Rarely,Never/Rarely,,,Yes,,,,,Yes,,,Often,Occasionally,Occasionally,Never/Rarely,Never/Rarely,Never/Rarely,Never/Rarely,Yes,Yes,,,,,,Yes,Yes,,,,,,"For java/jsp I use NetBeans.  For C/C++ I use gdb, especially gdb within emacs.  I'm happy with those tools for those languages.","I listed Make as a tool I occasionally use.  There are two reasons for this:
* building someone else's software which uses make
* maintaining legacy Qt apps which use qmake/make
I would never use Make for a new package I was writing.

In cases where I already use a tool in some category regularly and find it adequate, I generally don't have much interest in learning about other tools for the same task.  Some of them might be better than whatever I'm using, but it's hard to see how they could be enough better to justify the overhead of learning (and remembering) how to use yet another tool. "
"Scientific,Operations,Engineering",,"pyhon, c, c++, bash, java",Never/Rarely,Never/Rarely,Never/Rarely,Never/Rarely,,,,,,,,,Often,Never/Rarely,Never/Rarely,Never/Rarely,Never/Rarely,Never/Rarely,,,,,,,,,,,,,Never/Rarely,Never/Rarely,Never/Rarely,Never/Rarely,Never/Rarely,,,,,,,,,,,,,,,,,Never/Rarely,Often,Never/Rarely,Never/Rarely,,,,,,,,,Never/Rarely,Never/Rarely,Occasionally,,,,,,,Often,Never/Rarely,Occasionally,Occasionally,,,,,,,,,Frequently,Occasionally,Occasionally,Never/Rarely,,,,,,,,,Never/Rarely,Never/Rarely,Never/Rarely,Never/Rarely,Never/Rarely,,,,,,,,,,,Never/Rarely,Occasionally,Occasionally,Never/Rarely,Never/Rarely,Never/Rarely,Never/Rarely,,,,,,,,,,,,,,,gdb,please discourage the use of CVS
"Scientific,Operations",,"Python, Matlab",Never/Rarely,Never/Rarely,Never/Rarely,Never/Rarely,,,,,,,,,Never/Rarely,Never/Rarely,Never/Rarely,Never/Rarely,Never/Rarely,Never/Rarely,,,,,,,,,,,,,Never/Rarely,Never/Rarely,Never/Rarely,Never/Rarely,Never/Rarely,,,,,,,,,,,,,,,,,Never/Rarely,Occasionally,Never/Rarely,Never/Rarely,,,,,,,,,Never/Rarely,Never/Rarely,Occasionally,,,,,,,Occasionally,Never/Rarely,Never/Rarely,Never/Rarely,,,,,,,,,Occasionally,Occasionally,Never/Rarely,Never/Rarely,,,,,,,,,Never/Rarely,Never/Rarely,Never/Rarely,Never/Rarely,Never/Rarely,,,,,,,,,,,Never/Rarely,Never/Rarely,Never/Rarely,Never/Rarely,Never/Rarely,Never/Rarely,Never/Rarely,,,,,,,,,,,,,,,,
Scientific,,"C++, Python, Bash, ",Never/Rarely,Never/Rarely,Never/Rarely,Never/Rarely,,,,,,,,,Often,Never/Rarely,Never/Rarely,Often,Occasionally,Never/Rarely,Yes,,,Yes,,,Yes,,,Yes,,,Never/Rarely,Never/Rarely,Never/Rarely,Never/Rarely,Never/Rarely,,,,,,,,,,,,,,,,,Never/Rarely,Often,Never/Rarely,Never/Rarely,,Yes,,,,Yes,,,Never/Rarely,Never/Rarely,Often,,,Yes,,,Yes,Often,Never/Rarely,Never/Rarely,Occasionally,Yes,,,,Yes,,,,Frequently,Never/Rarely,Never/Rarely,Never/Rarely,Yes,,,,Yes,,,,Never/Rarely,Occasionally,Never/Rarely,Occasionally,Often,,,,,Yes,,,,,Yes,Never/Rarely,Often,Never/Rarely,Never/Rarely,Never/Rarely,Never/Rarely,Never/Rarely,,Yes,,,,,,,Yes,,,,,,"lldb, gdb",
"Scientific,Operations",,"C++, C, Python, sh/bash, mostly; a number of others rarely",Never/Rarely,Never/Rarely,Never/Rarely,Never/Rarely,,,,,,,,,Often,Never/Rarely,Never/Rarely,Often,Occasionally,Never/Rarely,Yes,,,Yes,Yes,,Yes,,,Yes,,,Often,Never/Rarely,Never/Rarely,Never/Rarely,Never/Rarely,Often,"valgrind, oprofile",Yes,,,,,Yes,"valgrind, oprofile",Yes,,,,,Yes,"valgrind, oprofile",Never/Rarely,Occasionally,Never/Rarely,Never/Rarely,,Yes,,,,Yes,,,Never/Rarely,Never/Rarely,Occasionally,,,Yes,,,Yes,Often,Never/Rarely,Never/Rarely,Often,Yes,,,Yes,Yes,,,,Frequently,Frequently,Never/Rarely,Never/Rarely,Yes,Yes,,,Yes,Yes,,,Never/Rarely,Never/Rarely,Never/Rarely,Never/Rarely,Never/Rarely,,,,,,,,,,,Often,Occasionally,Often,Often,Never/Rarely,Never/Rarely,Never/Rarely,Yes,,Yes,Yes,,,,Yes,Yes,Yes,,,,,gdb,
"Scientific,Operations",,"C++, python, perl, C, bash/tcsh",Occasionally,Never/Rarely,Never/Rarely,Never/Rarely,Yes,,,,Yes,,,,Often,Never/Rarely,Never/Rarely,Often,Occasionally,Never/Rarely,Yes,,,Yes,Yes,,Yes,,,Yes,Yes,,Never/Rarely,Never/Rarely,Never/Rarely,Never/Rarely,Never/Rarely,Never/Rarely,,,,,,,,,,,,,,,,Never/Rarely,Often,Never/Rarely,Never/Rarely,,Yes,,,,Yes,,,Never/Rarely,Never/Rarely,Never/Rarely,,,,,,,Often,Never/Rarely,Never/Rarely,Occasionally,Yes,,,Yes,Yes,,,,Occasionally,Frequently,Occasionally,,,Yes,,,,Yes,,,Never/Rarely,Never/Rarely,Never/Rarely,Never/Rarely,Never/Rarely,,,,,,,,,,,Occasionally,Often,Never/Rarely,Never/Rarely,Never/Rarely,Never/Rarely,Never/Rarely,Yes,Yes,,,,,,,Yes,,,,,,,"I selected ""GitHub"" for ""code review"" and Project Management, but I really meant ""GitLab"" (there was no option in the surcey."
"Scientific,Operations",,Almost entirely python & c++,Never/Rarely,Frequently,Never/Rarely,Never/Rarely,,Yes,,,,Yes,,,Often,Never/Rarely,Never/Rarely,Never/Rarely,Often,Never/Rarely,Yes,,,,Yes,,Yes,,,,,,Never/Rarely,Never/Rarely,Never/Rarely,Never/Rarely,Never/Rarely,Never/Rarely,,,,,,,,,,,,,,,,Never/Rarely,Often,Never/Rarely,Never/Rarely,,Yes,,,,,,,Never/Rarely,Never/Rarely,Never/Rarely,,,,,,,Often,Never/Rarely,Occasionally,Often,Yes,,,Yes,Yes,,,Yes,Frequently,Never/Rarely,Occasionally,Never/Rarely,Yes,,Yes,,,,,,Never/Rarely,Never/Rarely,Never/Rarely,Never/Rarely,Never/Rarely,,,,,,,,,,,Often,Often,Never/Rarely,Never/Rarely,Never/Rarely,Never/Rarely,Never/Rarely,Yes,Yes,,,,,,,,,,,,,"I use the python debugger and gdb quite often.

It would be very nice to have an easy to use graphical debugger for c++ code.

",
Scientific,,"Python, C++",Never/Rarely,Never/Rarely,Never/Rarely,Never/Rarely,,,,,,,,,Often,Never/Rarely,Never/Rarely,Never/Rarely,Occasionally,Never/Rarely,Yes,,,,Yes,,Yes,,,,Yes,,Never/Rarely,Never/Rarely,Never/Rarely,Never/Rarely,Never/Rarely,,,,,,,,,,,,,,,,,Never/Rarely,Never/Rarely,Never/Rarely,Never/Rarely,,,,,,,,,Never/Rarely,Never/Rarely,Often,,,Yes,,,Yes,Never/Rarely,Never/Rarely,Never/Rarely,Never/Rarely,,,,,,,,,Never/Rarely,Never/Rarely,Never/Rarely,Never/Rarely,,,,,,,,,Occasionally,Never/Rarely,Never/Rarely,Never/Rarely,Never/Rarely,,,,,,,,,,,Occasionally,Never/Rarely,Never/Rarely,Never/Rarely,Never/Rarely,Never/Rarely,Never/Rarely,Yes,,,,,,,Yes,,,,,,,,
"Scientific,Other (please specify)",KIPAC/Campus,"python, C++, fortran, CUDA, php",Never/Rarely,Frequently,Never/Rarely,Never/Rarely,,Yes,,,,Yes,,,Often,Never/Rarely,Never/Rarely,Often,Often,Never/Rarely,Yes,,,Yes,Yes,,,,,Yes,,,Never/Rarely,Never/Rarely,Never/Rarely,Never/Rarely,Never/Rarely,,,,,,,,,,,,,,,,,Never/Rarely,Often,Never/Rarely,Never/Rarely,,Yes,,,,Yes,,,Never/Rarely,Never/Rarely,Often,,,Yes,,,Yes,Often,Never/Rarely,Never/Rarely,Often,Yes,,,Yes,Yes,,,,Frequently,Never/Rarely,Frequently,Never/Rarely,Yes,,Yes,,Yes,,Yes,,Occasionally,Never/Rarely,Never/Rarely,Never/Rarely,Often,,,,,Yes,,,,,Yes,Often,Often,Never/Rarely,Never/Rarely,Never/Rarely,Never/Rarely,Never/Rarely,Yes,Yes,,,,,,Yes,Yes,,,,,,"gdb, pdb",
Scientific,,"c++, python, SQL",Frequently,Frequently,Never/Rarely,Never/Rarely,Yes,Yes,,,Yes,Yes,,,Occasionally,Never/Rarely,Never/Rarely,Occasionally,Often,Never/Rarely,Yes,,,Yes,Yes,,Yes,,,Yes,Yes,,Never/Rarely,,,Never/Rarely,Never/Rarely,,,,,,,,,,,,,,,,,Never/Rarely,Often,Never/Rarely,Never/Rarely,,Yes,,,,,,,Never/Rarely,Never/Rarely,Never/Rarely,,,,,,,Often,Never/Rarely,Never/Rarely,Occasionally,Yes,,,,Yes,,,,Never/Rarely,Never/Rarely,Never/Rarely,Never/Rarely,,,,,,,,,Never/Rarely,Often,Never/Rarely,Never/Rarely,Never/Rarely,,Yes,,,,Yes,Yes,,Yes,,Often,Never/Rarely,Never/Rarely,Never/Rarely,Never/Rarely,Never/Rarely,Never/Rarely,Yes,,,,,,,Yes,,,,,,,"valgrind, gdb",
Scientific,,"python, c++",Never/Rarely,Never/Rarely,Never/Rarely,Never/Rarely,,,,,,,,,Occasionally,Never/Rarely,Never/Rarely,Occasionally,Never/Rarely,Never/Rarely,,,,,,,Yes,,,Yes,,,Never/Rarely,Never/Rarely,Never/Rarely,Never/Rarely,Never/Rarely,,,,,,,,,,,,,,,,,Never/Rarely,Never/Rarely,Never/Rarely,Never/Rarely,,,,,,,,,Never/Rarely,Never/Rarely,Never/Rarely,,,,,,,Often,,Often,Occasionally,,,,,Yes,,Yes,,Never/Rarely,Never/Rarely,Frequently,Never/Rarely,,,,,,,Yes,,Never/Rarely,Never/Rarely,Never/Rarely,Never/Rarely,Never/Rarely,,,,,,,,,,,Never/Rarely,Occasionally,Never/Rarely,Never/Rarely,Never/Rarely,Never/Rarely,Never/Rarely,,,,,,,,,,,,,,,,
Scientific,,"C, Python",Never/Rarely,Never/Rarely,Never/Rarely,Never/Rarely,,,,,,,,,Often,Never/Rarely,Never/Rarely,Never/Rarely,Never/Rarely,Never/Rarely,Yes,,,,,,Yes,,,,,,Never/Rarely,Never/Rarely,Never/Rarely,Never/Rarely,Never/Rarely,Never/Rarely,,,,,,,,,,,,,,,,Never/Rarely,Often,Never/Rarely,Never/Rarely,,Yes,,,,Yes,,,,,Often,,,Yes,,,Yes,Often,Never/Rarely,Occasionally,Never/Rarely,Yes,,Yes,,Yes,,,,Frequently,Never/Rarely,Occasionally,Never/Rarely,Yes,,Yes,,Yes,,,,Never/Rarely,Never/Rarely,Never/Rarely,Never/Rarely,Never/Rarely,,,,,,,,,,,Never/Rarely,Occasionally,Never/Rarely,Never/Rarely,Never/Rarely,Never/Rarely,Never/Rarely,,,,,,,,,,,,,,,"gdb, valgrind",
Scientific,,"Python, Java, C++",,,,,,,,,,,,,Often,Often,Never/Rarely,Never/Rarely,Occasionally,Never/Rarely,,Yes,,,,,,Yes,,,,,Never/Rarely,Never/Rarely,Never/Rarely,Never/Rarely,Never/Rarely,,,,,,,,,,,,,,,,,,Occasionally,,,,Yes,,,,Yes,,,Never/Rarely,Never/Rarely,Occasionally,,,Yes,,,Yes,Often,Never/Rarely,Never/Rarely,Occasionally,Yes,,,,Yes,,,,Frequently,Never/Rarely,Never/Rarely,Never/Rarely,Yes,,,,Yes,,,,Never/Rarely,Occasionally,Often,Never/Rarely,Never/Rarely,,,Yes,,,,,Yes,,,Often,Occasionally,Never/Rarely,Never/Rarely,Never/Rarely,Never/Rarely,Never/Rarely,Yes,,,,,,,Yes,,,,,,,,
"Communications,Other (please specify)",Professional Staff,C++ (others way too low of a percentage),Frequently,,,,Yes,,,,Yes,,,,,,,Often,,,,,,Yes,,,,,,Yes,,,Occasionally,,,,,Often,"Valgrind, Helgrind",Yes,,,,,Yes,"Valgrind, Helgrind",Yes,,,,,Yes,"Valgrind, Helgrind",,Often,,,,Yes,,,,Yes,,,,,Occasionally,,,Yes,,,Yes,Often,,,,Yes,,,,Yes,,,,Frequently,Occasionally,,,Yes,,,,Yes,,,,,,,,,,,,,,,Yes,,,Yes,Occasionally,Often,Occasionally,,,,,Yes,Yes,,,,,,,Yes,,,,,,"gdb, valgrind, helgrind",
Engineering,,"Python, C/C++",Never/Rarely,Frequently,Frequently,Never/Rarely,,Yes,Yes,,Yes,Yes,Yes,,Often,Never/Rarely,Never/Rarely,Occasionally,Never/Rarely,Never/Rarely,Yes,,,Yes,,,Yes,,,,,,Never/Rarely,Never/Rarely,Never/Rarely,Never/Rarely,Often,,,,,,,Yes,,,,,,,Yes,,,Never/Rarely,Often,Never/Rarely,Never/Rarely,,Yes,,,,Yes,,,Never/Rarely,Never/Rarely,Often,,,Yes,,,Yes,,,,,,,,,,,,,Frequently,Never/Rarely,Never/Rarely,Never/Rarely,Yes,,,,Yes,,,,Occasionally,Never/Rarely,Never/Rarely,Never/Rarely,Never/Rarely,Yes,,,,,,,,,,Never/Rarely,Often,Never/Rarely,Never/Rarely,Never/Rarely,Never/Rarely,Never/Rarely,,Yes,,,,,,,Yes,,,,,,,
Scientific,,Python,Never/Rarely,Never/Rarely,Never/Rarely,Never/Rarely,,,,,,Yes,,,Occasionally,Never/Rarely,Never/Rarely,Never/Rarely,Never/Rarely,Never/Rarely,,,,,,,Yes,,,,,,Never/Rarely,Never/Rarely,Never/Rarely,Never/Rarely,Never/Rarely,,,,,,,,,,,,,,,,,Never/Rarely,Often,Never/Rarely,Never/Rarely,,Yes,,,,Yes,,,,Never/Rarely,Often,,,Yes,,,Yes,Often,Never/Rarely,Never/Rarely,Never/Rarely,Yes,,,,Yes,,,,Frequently,Never/Rarely,Never/Rarely,Never/Rarely,,,,,Yes,,,,Never/Rarely,Never/Rarely,Never/Rarely,Often,Never/Rarely,,,,Yes,,,,,Yes,Yes,Occasionally,Often,Never/Rarely,Never/Rarely,Never/Rarely,Never/Rarely,Never/Rarely,Yes,Yes,,,,,,Yes,Yes,,,,,,,
Engineering,,"Ladder Logic, Structured Text, Function Block, Simple C, little VB and python.",Never/Rarely,Never/Rarely,Never/Rarely,Never/Rarely,,,,,,,,,Never/Rarely,Never/Rarely,Never/Rarely,Never/Rarely,Never/Rarely,Never/Rarely,,,,,,,,,,,,,Never/Rarely,Never/Rarely,Never/Rarely,Never/Rarely,Never/Rarely,,,,,,,,,,,,,,,,,Never/Rarely,Never/Rarely,Never/Rarely,Never/Rarely,,,,,,,,,Never/Rarely,Never/Rarely,Occasionally,,,,,,,Never/Rarely,Never/Rarely,,Never/Rarely,,,,,,,,,Never/Rarely,Never/Rarely,Never/Rarely,Never/Rarely,,,,,,,,,Occasionally,Never/Rarely,Never/Rarely,Never/Rarely,Never/Rarely,,,,,,,,,,,Never/Rarely,Never/Rarely,Never/Rarely,Never/Rarely,Never/Rarely,Never/Rarely,Never/Rarely,,,,,,,,,,,,,,,,"For programming PLC's, we have a wide variety of software to support vendor specific hardware. Rockwell Design Studio 5000, Codesys, etc. "
Scientific,,"python, bash",Never/Rarely,Never/Rarely,Never/Rarely,Never/Rarely,,,,,,,,,Occasionally,Never/Rarely,Never/Rarely,Never/Rarely,Never/Rarely,Never/Rarely,,,,,,,,,,,,,Never/Rarely,Never/Rarely,Never/Rarely,Never/Rarely,Never/Rarely,,,,,,,,,,,,,,,,,Never/Rarely,Occasionally,Never/Rarely,Never/Rarely,,,,,,,,,Never/Rarely,Never/Rarely,Often,,,,,,,Occasionally,Never/Rarely,Never/Rarely,Occasionally,,,,,,,,,Occasionally,Never/Rarely,Occasionally,Never/Rarely,,,,,,,,,Never/Rarely,Never/Rarely,Never/Rarely,Never/Rarely,Never/Rarely,,,,,,,,,,,Never/Rarely,Never/Rarely,Never/Rarely,Never/Rarely,Never/Rarely,Never/Rarely,Never/Rarely,,,,,,,,,,,,,,,"I use vim python IDE setup, but I'd like a better python vim setup

easy python debugger would be nice",KIPAC/Campus user
"Scientific,Operations,Engineering",,"Python, bash",Never/Rarely,Never/Rarely,Never/Rarely,Never/Rarely,,,,,,,,,Often,,,,Often,,Yes,,,,Yes,,,,,,,,Never/Rarely,Never/Rarely,Never/Rarely,Never/Rarely,Never/Rarely,,,,,,,,,,,,,,,,,,Occasionally,,,,Yes,,,,,,,,,Occasionally,,,Yes,,,,Occasionally,,,Often,Yes,,,Yes,,,,,Occasionally,,,,Yes,,,,,,,,Never/Rarely,Never/Rarely,Never/Rarely,Never/Rarely,Never/Rarely,,,,,,,Yes,,,Yes,Occasionally,Never/Rarely,Never/Rarely,Occasionally,Never/Rarely,Never/Rarely,Never/Rarely,Yes,,,,,,,,Yes,,,,,,Would start using whatever tools recommended and locally supported by CDS at LCLS,
Scientific,,"c++, c, fortran, python, julia",Occasionally,,,,Yes,,,,Yes,,,,Often,,,Occasionally,,,Yes,,,Yes,,,Yes,,,Yes,,,,,,,,,,,,,,,,,,,,,,,,,Often,,,,Yes,,,,Yes,,,,,,,,,,,,Often,,Often,,Yes,,Yes,,Yes,,Yes,,Frequently,,Frequently,,Yes,,Yes,,Yes,,Yes,,,,,,,,,,,,,,,,,,Often,,,,,,,Yes,,,,,,,,,,,,,,
Scientific,,"Python, C, C++, Mathematica script",Never/Rarely,Never/Rarely,Never/Rarely,Never/Rarely,,,,,,,,,Often,Never/Rarely,Never/Rarely,Never/Rarely,Never/Rarely,Never/Rarely,Yes,,,,,,,,,,,,Never/Rarely,Never/Rarely,Never/Rarely,Never/Rarely,Never/Rarely,Never/Rarely,,,,,,,,,,,,,,,,Never/Rarely,Occasionally,Never/Rarely,Never/Rarely,,,,,,,,,Never/Rarely,Never/Rarely,Occasionally,,,,,,,Occasionally,Never/Rarely,Never/Rarely,Never/Rarely,,,,,,,,,Occasionally,Never/Rarely,Never/Rarely,Never/Rarely,,,,,,,,,Never/Rarely,Never/Rarely,Never/Rarely,Never/Rarely,Never/Rarely,,,,,,,,,,,Never/Rarely,Never/Rarely,Never/Rarely,Never/Rarely,Never/Rarely,Never/Rarely,Never/Rarely,,,,,,,,,,,,,,,gdb,
Scientific,,"C++, Java, Python, shell scripting",Frequently,Never/Rarely,Never/Rarely,Never/Rarely,Yes,,,,Yes,,,,Occasionally,Often,Never/Rarely,Often,Never/Rarely,Never/Rarely,,Yes,,Yes,,,,Yes,,Yes,,,Never/Rarely,Never/Rarely,Never/Rarely,Never/Rarely,Never/Rarely,,,,,,,,,,,,,,,,,Never/Rarely,Often,Never/Rarely,Never/Rarely,,Yes,,,,Yes,,,Never/Rarely,Often,Never/Rarely,,Yes,,,Yes,,Often,Never/Rarely,Never/Rarely,Often,Yes,,,Yes,Yes,,,,Frequently,Never/Rarely,Never/Rarely,Never/Rarely,,,,,Yes,,,,,Often,Occasionally,,,,Yes,,,,,Yes,,,,Occasionally,Often,Never/Rarely,Never/Rarely,Never/Rarely,Never/Rarely,Never/Rarely,Yes,Yes,,,,,,,Yes,,,,,,"gdb, lldb, JVisualVM, Netbeans Profiler",
Engineering,,"EPICS (if you can call it a language)
C/C++
sh/bash
python",Never/Rarely,Never/Rarely,Never/Rarely,Never/Rarely,,,,,,,,,Often,Never/Rarely,Never/Rarely,Never/Rarely,Never/Rarely,Never/Rarely,Yes,,,,,,Yes,,,,,,Never/Rarely,Never/Rarely,Never/Rarely,Never/Rarely,Never/Rarely,,,,,,,,,,,,,,,,,Never/Rarely,Never/Rarely,Never/Rarely,Never/Rarely,,Yes,,,,Yes,,,Never/Rarely,Never/Rarely,Never/Rarely,,,,,,,Often,Never/Rarely,Never/Rarely,Occasionally,Yes,,,,Yes,,,,Frequently,Frequently,Never/Rarely,Never/Rarely,Yes,Yes,,,Yes,Yes,,,Occasionally,Often,Occasionally,Never/Rarely,Never/Rarely,,Yes,,,,,Yes,,,,Occasionally,Never/Rarely,Occasionally,Occasionally,Never/Rarely,Never/Rarely,Never/Rarely,,,,,,,,,,,,,,,"gdb through Eclipse. I don't know of anything else applicable to EPICS IOCs, which is not to say that there isn't something. There might be.",Most of the things I never/rarely use are things I've never heard of. Maybe some of them do things I would find useful if I knew about them?
Scientific,,"Python, c++",Frequently,Frequently,Never/Rarely,Never/Rarely,Yes,Yes,,,,Yes,,,Occasionally,Never/Rarely,Never/Rarely,Never/Rarely,Often,Never/Rarely,,,,,Yes,,,,,Yes,Yes,,Never/Rarely,Never/Rarely,Never/Rarely,Never/Rarely,Never/Rarely,,linter-flake8 atom package,,,,,,,linter-flake8 atom package,,,,,,Yes,linter-flake8 atom package,Never/Rarely,Often,Never/Rarely,Never/Rarely,,Yes,,,,Yes,,,Never/Rarely,Never/Rarely,Never/Rarely,,,,,,,Often,Never/Rarely,Never/Rarely,Occasionally,Yes,,,,Yes,,,,Frequently,Never/Rarely,Never/Rarely,Never/Rarely,Yes,,,,Yes,,,,Never/Rarely,Never/Rarely,Never/Rarely,Never/Rarely,Never/Rarely,,,,,,,,,,,Often,Often,Never/Rarely,Never/Rarely,Never/Rarely,Never/Rarely,Never/Rarely,Yes,Yes,,,,,,Yes,Yes,,,,,,"gdb, lldb, ipdb, valgrind","Unit test coverage reports?  E.g., codecov or coveralls.
"
Operations,,"Ruby
Perl
Python
Bash",Frequently,,,,Yes,,,,Yes,,,,Often,,,,,,Yes,,,,,,Yes,,,,,,,,,,,,,,,,,,,,,,,,,,,,Often,,,,Yes,,,,Yes,,,,,,,,,,,,Often,,,,Yes,,,,Yes,,,,Frequently,,,,Yes,,,,Yes,,,,,,,,,,,,,,,,,,,,,,,,,,,,,,,,,,,,,,,,,For operations: Inspec
"Scientific,Operations",,"python, rst (restructured text)",,,,,,,,,,,,,Often,,,Occasionally,Occasionally,,Yes,,,,,,,,,,,,,,,,,,,,,,,,,,,,,,,,,,Often,,,,Yes,,,,,,,,,,,,,,,,Often,,Occasionally,,Yes,,,,,,,,Frequently,,Occasionally,,,,,,,,,,,,,Often,,,,,Yes,,,,,,,Often,Often,,,,,,Yes,Yes,,,,,,,,,,,,,pydb,"I'm not a hard-core developer currently, rather I work on documentation for LSST, and I write mostly in rst right now, so take this as you will as far as usefulness..!"
